Aachen
Aalst
Aba
Abadan
Abakaliki
Abbeville
Abbotsford
Aberdeen
Abha
Abidjan
Abreu e Lima
Abu Kabir
Acambaro
Acarigua
Acayucan
Accra
Acireale
Acu
Acuna
Ad Diwaniyah
Ad Diwem
Adana
Adelaide
Adiyaman
Aewol-li
Afyon
Agadir
Agde
Agen
Agra
Aguas Lindas de Goias
Ahvaz
Ain Oussera
Aix-en-Provence
Ajaccio
Ajmer
Akola
Akron
Aksu
Akure
Al Amarah
Al Hillah
Al Hudayda
Al Hufuf
Al Mahallah al Kubra
Al Mubarraz
Al Muharraq
Alanya
Albacete
Albany
Albuquerque
Albury
Alcobendas
Alessandria
Alexandria
Alfortville
Algiers
Alicante
Alice Springs
Aligarh
Aligudarz
Allahabad
Allauch
Allen
Allentown
Almaty
Almelo
Alphen aan den Rijn
Altamira
Altamura
Altoona
Amadora
Amarillo
Amasya
Amatitlan
Americana
Amersfoort
Amiens
Amman
Amol
Amravati
Amritsar
Amstelveen
Amsterdam
Anaheim
Ananindeua
Anantapur
Anapolis
Ancona
Andijon
Andover
Andradina
Angarsk
Angers
Ankara
Annaba
Annecy
Annonay
Anqing
Anshan
Anshun
Antakya
Antalya
Antananarivo
Antibes
Antiguo Cuscatlan
Antioch
Antipolo
Antofagasta
Antony
Antsiranana
Antwerp
Anyang
Apeldoorn
Apodaca
Apopa
Apopka
Apple Valley
Apucarana
Arak
Arapiraca
Arapongas
Ararangua
Araraquara
Araucaria
Arbil
Ardebil
Arequipa
Arezzo
Argentan
Argenteuil
Arles
Arlington
Arlington Heights
Armenia
Armidale
Arnhem
Arnsberg
Arraijan
Arras
Arrentela
Artemisa
Arusha
Arvada
Asahikawa
Asansol
Aschaffenburg
Ashdod
Asheville
Ashqelon
Asiut
Asjabad
Astana
Asti
Astrakhan
Atakpame
Athens
Athis-Mons
Atlanta
Atlixco
Aubervilliers
Auburn
Auch
Auckland
Augsburg
Aulnay-sous-Bois
Aurangabad
Aurora
Austin
Auxerre
Avadi
Avellaneda
Avignon
Avondale
Ayacucho
Aylesbury
Azcapotzalco
Bacau
Bacolod City
Badajoz
Badalona
Bagcilar
Bagdad
Bage
Bagneux
Bagnolet
Baguio City
Bahawalpur
Bahia Blanca
Baia Mare
Bajos de Haina
Bakersfield
Baku
Balikesir
Balikpapan
Ballarat
Balneario Camboriu
Balti
Baltimore
Bamako
Bamenda
Banda Aceh
Bandar-e Anzali
Bandirma
Bandung
Bangalore
Bangkok
Bangor
Bani
Banjarmasin
Baoding
Bar-le-Duc
Barakaldo
Barcelona
Barddhaman
Bareilly
Bari
Barika
Barneveld
Barnsley
Barra Mansa
Barranquilla
Barreiras
Barretos
Barry
Barueri
Basel
Basildon
Basingstoke
Basra
Bata
Bath
Batna
Battipaglia
Bayamo
Bayeux
Bayonne
Bayreuth
Beaumont
Beaune
Beauvais
Bebington
Bedford
Behbahan
Behshahr
Beijing
Beira
Beirut
Bekasi
Belfort
Belgorod
Belleville
Bellevue
Bellingham
Bello
Belo Horizonte
Bendigo
Benevento
Bengbu
Benghazi
Benguela
Beni Mellal
Beni Suef
Benidorm
Benin City
Benoni
Bento Goncalves
Benxi
Berdyans'k
Berdychiv
Bergamo
Bergen
Bergen op Zoom
Bergerac
Bergheim
Berlin
Berne
Bertoua
Bethlehem
Betim
Beverly
Beykoz
Bezerros
Bezons
Bharatpur
Bhatinda
Bhatpara
Bhilai
Bhilwara
Bhiwandi
Bhubaneswar
Biarritz
Bielefeld
Bielsko-Biala
Bijie
Bikaner
Bilaspur
Bilbao
Bilbeis
Billings
Binjai
Binzhou
Birigui
Birjand
Birkenhead
Birmingham
Birobidzhan
Bishkek
Blackburn
Blackpool
Blagoveshchensk
Blenheim
Bloemfontein
Blois
Bloomington
Blumenau
Boa Esperanca
Boa Vista
Bochum
Bognor Regis
Bogor
Bogota
Bokaro
Bolivar
Bologna
Bolton
Bolu
Bolzano
Bom Jesus da Lapa
Bonao
Bondy
Bonn
Bonneuil-sur-Marne
Borazjan
Bordeaux
Bornova
Borujerd
Boscoreale
Bossier City
Botosani
Botshabelo
Bottrop
Bouake
Boulogne-Billancourt
Boulogne-sur-Mer
Bourges
Bournemouth
Boynton Beach
Bozeman
Bracknell
Bradford
Braganca Paulista
Brahmapur
Brampton
Brandenburg
Brasilia
Brasov
Bratsk
Breda
Bremen
Bremerhaven
Brentwood
Brescia
Bressuire
Brest
Bridgeton
Bridgetown
Brighton
Brikama
Brindisi
Brisbane
Bristol
Brive-la-Gaillarde
Broken Arrow
Broken Hill
Bron
Brownsville
Bruges
Brumado
Bry-sur-Marne
Bryansk
Buca
Bucaramanga
Bucheon
Budapest
Budyonnovsk
Buenos Aires
Buffalo
Buffalo Grove
Bugia
Bukavu
Bulawayo
Bullhead City
Bunbury
Bundaberg
Bur Sudan
Burbank
Burlington
Burnaby
Burnie
Burnley
Bursa
Busan
Busto Arsizio
Butare
Buyukcekmece
Buzau
Bytom
Cabimas
Cabo Frio
Cabo de Santo Agostinho
Cacador
Cachan
Cadereyta
Caen
Cagliari
Cagnes-sur-Mer
Cagua
Cainta
Cairns
Cairo
Cajamarca
Calabar
Calais
Calamba
Caldwell
Calgary
Callao
Caloocan
Caloundra
Caluire-et-Cuire
Camacari
Camaguey
Camarillo
Cambe
Cambridge
Campeche
Campo Grande
Can Tho
Canberra
Cancun
Cannes
Canoas
Capannori
Cape Coast
Cape Town
Capua
Caracas
Caraguatatuba
Carapicuiba
Carcassonne
Cardenas
Cardiff
Carlisle
Carlsbad
Carora
Carpentras
Carquefou
Carrara
Carrefour
Carrollton
Cartagena
Carvin
Cary
Casablanca
Caserta
Castanhal
Castellammare di Stabia
Castelldefels
Castelnau-le-Lez
Castres
Castrop-Rauxel
Catania
Caucaia
Cavaillon
Caxias do Sul
Cayenne
Cedar Hill
Celaya
Celle
Cerignola
Cesena
Cessnock
Ceuta
Ceyhan
Chaguanas
Chalinze
Champaign
Champigny-sur-Marne
Chandigarh
Changchun
Changde
Changsha
Changshu
Changwon
Changzhou
Chaoyang
Chapeco
Chapel Allerton
Charallave
Charleroi
Charlotte
Chartres
Chaumont
Chaville
Chelles
Chelmsford
Chelyabinsk
Chemnitz
Chengdu
Chennai
Chenzhou
Chernihiv
Cheshunt
Chester
Chicago
Chiclana de la Frontera
Chico
Chifeng
Chigasaki
Chihuahua
Chilpancingo
Chimaltenango
Chimbote
Chimoio
Chinandega
Chinautla
Chincha Alta
Chingola
Chioggia
Chipata
Chisinau
Chittagong
Chitungwiza
Choisy-le-Roi
Cholet
Choloma
Cholula
Choluteca
Chongqing
Chorzow
Christchurch
Chula Vista
Ciego de Avila
Cienfuegos
Cincinnati
Cinisello Balsamo
Cipolletti
Cirebon
Ciudad del Carmen
Civitavecchia
Clamart
Clarksville
Clermont-Ferrand
Cleveland
Clichy
Clinton
Clovis
Cluj-Napoca
Cluses
Clydach
Coacalco
Coachella
Coatzacoalcos
Cochabamba
Coffs Harbour
Cognac
Coimbatore
Coimbra
Colchester
Colima
Colmar
Cologne
Colombes
Colombo
Colomiers
Colon
Colorado Springs
Columbia
Columbus
Commerce City
Como
Comodoro Rivadavia
Concord
Conflans-Sainte-Honorine
Conroe
Conselheiro Lafaiete
Consolacion del Sur
Contagem
Contramaestre
Conway
Coon Rapids
Copenhagen
Corbeil-Essonnes
Cordoba
Cork
Corlu
Cormeilles-en-Parisis
Corpus Christi
Cortama
Cosenza
Coslada
Costa Mesa
Cotia
Cotonou
Cottbus
Coulommiers
Courbevoie
Coventry
Coyoacan
Craiova
Cranston
Crato
Crawley
Cremona
Crewe
Criciuma
Cruz das Almas
Cruzeiro
Cua
Cuajimalpa
Cuautitlan
Cucuta
Cuenca
Cuernavaca
Cuiaba
Culiacan
Cumana
Curitiba
Cuscatancingo
Cuttack
Cuyahoga Falls
Da Nang
Dabrowa Gornicza
Daca
Daegu
Daejeon
Dakar
Dalian
Dallas
Danville
Daqing
Dar Chioukh
Dar es Salaam
Darlington
Darmstadt
Dartford
Dartmouth
Darton
Darwin
Datong
David
Davis
Dax
Dearborn
Decatur
Deer Park
Dehra Dun
Delgado
Delhi
Delicias
Delmenhorst
Delray Beach
Den Helder
Denizli
Denpasar
Denver
Depok
Derbent
Derby
Des Moines
Des Plaines
Detmold
Detroit
Deventer
Devonport
Dewas
Dhule
Diadema
Dieppe
Dijon
Disuq
Divinopolis
Diyarbakir
Djibouti
Djougou
Dniprodzerzhyns'k
Dnipropetrovsk
Doetinchem
Doha
Domont
Doncaster
Donets'k
Dongguan
Dordrecht
Dormagen
Dorsten
Dortmund
Dos Quebradas
Douai
Dourados
Dover
Draguignan
Drancy
Draper
Dresden
Dreux
Drogobych
Dubbo
Dublin
Dubuque
Dudley
Duisburg
Duitama
Dumai
Dunedin
Dunstable
Duque de Caxias
Durango
Durban
Durg
Durgapur
Duzce
Eagan
East London
East Orange
East Point
Eastbourne
Eau Claire
Echuca
Edinburg
Edinburgh
Edmond
Edmonds
Edmonton
Edogawa-ku
Eggenstein-Leopoldshafen
Eindhoven
El Ejido
El Jadida
El Paso
El Prat de Llobregat
El Progreso
Elazig
Elbeuf
Elda
Elkhart
Elmhurst
Elx
Elyria
Emden
Emmen
Encinitas
Englewood
Ennigerloh
Enschede
Ensenada
Enugu
Epinal
Eragny
Ercolano
Erftstadt
Erfurt
Erlangen
Ermont
Erzurum
Esbjerg
Escondido
Escuintla
Esenyurt
Eskilstuna
Eskisehir
Espoo
Esquina
Essen
Esteli
Estepona
Estocolmo
Etawah
Etimesgut
Eugene
Evanston
Everett
Evreux
Exeter
Fairfield
Falconara Marittima
Fano
Fargo
Faridabad
Farmington
Farnborough
Farroupilha
Fasa
Fatehpur
Fayetteville
Fayum
Felahiye
Fengcheng
Fernando de la Mora
Ferndown
Ferrara
Fes
Fianarantsoa
Firminy
Firozabad
Fiumicino
Flensburg
Fleury-les-Aubrais
Florence
Foggia
Fontaine
Fontainebleau
Fontenay-aux-Roses
Fontenay-le-Comte
Fontenay-sous-Bois
Forbach
Forst
Forster
Fort Collins
Fort Lauderdale
Fort Worth
Fort-de-France
Fortaleza
Foshan
Foumban
Franca
Francisco Beltrao
Francisco Morato
Franconville
Frankfurt
Franklin
Frederiksberg
Freeport
Freiburg
Fremont
Fresnes
Fresno
Friedrichshafen
Frontera
Fuengirola
Fuenlabrada
Fuji
Fukui
Fukuyama
Fulda
Funabashi
Funtua
Fushun
Fuzhou
Gaborone
Gagnoa
Gagny
Gaithersburg
Galati
Gallarate
Galway
Gandia
Gaomi
Gaoyou
Garanhuns
Garbsen
Garches
Garden City
Garforth
Garland
Garoua
Garza Garcia
Gaspar
Gastonia
Gateshead
Gatineau
Gaya
Gaziantep
Gaziemir
Gdansk
Gebze
Geelong
Gela
Gelsenkirchen
General Escobedo
Geneva
Genk
Gennevilliers
Genoa
George
Georgetown
Gera
Geraldton
Getafe
Getxo
Ghent
Gien
Gilbert
Gillingham
Girona
Gisborne
Giurgiu
Givors
Gladbeck
Gladstone
Glasgow
Glendale
Glenview
Gliwice
Gloucester
Goiania
Gold Coast
Gombe
Gomez Palacio
Gonaives
Gorakhpur
Gorzow Wielkopolski
Gothenburg
Goulburn
Goussainville
Goyang
Gradignan
Grajau
Granada
Grand Island
Grand Prairie
Grand Rapids
Granollers
Grasse
Graz
Great Falls
Green Bay
Greensboro
Greifswald
Grenoble
Grevenbroich
Griffith
Grigny
Grodno
Gronau
Groningen
Grosseto
Grove City
Guacara
Guadalajara
Guamuchil
Guanajuato
Guangzhou
Guantanamo
Guarapari
Guarapuava
Guaratingueta
Guaruja
Guarulhos
Guasave
Guatemala City
Guatire
Guayaquil
Guaymas
Gubkin
Guelmim
Guelph
Guidonia Montecelio
Guildford
Guimaraes
Guiping
Guiyang
Gujranwala
Gujrat
Gulu
Gummersbach
Guntur
Gunzburg
Gurupi
Gusau
Guwahati
Guyana
Guyancourt
Guzman
Gwalior
Haarlem
Hackensack
Hagen
Haguenau
Haifa
Hailin
Halesowen
Halifax
Halle
Halluin
Halmstad
Hamadan
Hamamatsu
Hamburgo
Hamilton
Hamm
Handan
Hangu
Hangzhou
Hanoi
Hanover
Hapur
Harare
Harbin
Hargeysa
Harrisonburg
Harrogate
Harrow
Hasselt
Hastings
Hattiesburg
Hautmont
Hayange
Hazebrouck
Hebi
Heerlen
Heidelberg
Heilbronn
Helena
Helsingborg
Helsinki
Hempstead
Henderson
Hendersonville
Hengelo
Hermosillo
Heroica Zitacuaro
Herten
Hesperia
Heze
Hialeah
Hidalgo
High Wycombe
Highland Park
Hilden
Hildesheim
Hilversum
Himeji
Hinckley
Hirakata
Hiratsuka
Ho Chi Minh City
Hobart
Hod HaSharon
Hohhot
Holguin
Holland
Hollywood
Homestead
Hoover
Horlivka
Hot Springs
Houston
Hove
Hradec Kralove
Huaibei
Huaiyin
Huambo
Huangshan
Huangshi
Hubli
Huddersfield
Huddinge
Huehuetenango
Huelva
Huizhou
Huntington Beach
Huntsville
Hurghada
Huyton
Huzhou
Hyderabad
Iasi
Ibadan
Ibague
Ibaraki
Ibirite
Ibiuna
Ichalkaranji
Igarassu
Igdir
Iguala
Igurusi
Ikot Ekpene
Ilesha
Illkirch-Graffenstaden
Ilo
Ilopango
Ilorin
Imphal
Indaial
Indaiatuba
Indianapolis
Indore
Inglewood
Ingolstadt
Innsbruck
Invercargill
Ipiales
Ipoh
Ipswich
Iquitos
Iranshahr
Irapuato
Irun
Irving
Iskenderun
Islamabad
Isparta
Issoire
Issy-les-Moulineaux
Istanbul
Istres
Itabuna
Itaituba
Itajai
Itapecerica da Serra
Itapetininga
Itapeva
Itapevi
Itu
Ituiutaba
Ivry-sur-Seine
Ixtapaluca
Izmir
Jabalpur
Jaboatao
Jacarei
Jackson
Jacksonville
Jacobina
Jaipur
Jalna
Jambi
Jamestown
Jammu
Jamnagar
Jamundi
Jartum
Jatai
Javanrud
Jayapura
Jeddah
Jember
Jena
Jequie
Jerez de la Frontera
Jerusalem
Jiamusi
Jiangmen
Jiangyan
Jiangyou
Jiaozuo
Jieyang
Jilin
Jinan
Jingmen
Jinhua
Jining
Jinjiang
Jiutai
Jiutepec
Jixi
Jizan
Jizzakh
Joao Pessoa
Johannesburg
Johnson City
Joinville
Jonesboro
Jos
Jose Bonifacio
Juarez
Juazeiro
Juba
Juiz de Fora
Juliaca
Jundiai
Junin
Jupiter
Jurema
K'ut'aisi
Kabul
Kabwe
Kadoma
Kaduna
Kafr ad Dawwar
Kahramanmaras
Kaiyuan
Kalemie
Kaliningrad
Kalisz
Kaluga
Kamarhati
Kamina
Kampala
Kananga
Kandahar
Kankan
Kano
Kanpur
Kara
Karaganda
Karbala
Karliova
Karlsruhe
Karnal
Kars
Kartal
Kasala
Kashan
Kashira
Kaspiysk
Kassel
Kasugai
Kathmandu
Katoomba
Katowice
Kaunas
Kawagoe
Kawasaki
Kayseri
Kediri
Kendari
Kenitra
Kenner
Kenosha
Kent
Keren
Kerman
Kermanshah
Kettering
Kharkiv
Khemisset
Khenifra
Kherson
Khmelnytskyi
Khomeynishahr
Khorramabad
Khorramshahr
Khouribga
Kidderminster
Kiel
Kigali
Kigoma
Kikwit
Kilis
Kilwinning
Kindu
Kingston
Kingswood
Kinshasa
Kirovohrad
Kirsehir
Kisangani
Kissimmee
Kisumu
Kitchener
Kitwe
Kiziltepe
Klagenfurt
Klaipeda
Knoxville
Koblenz
Kochi
Kokshetau
Kolhapur
Kollam
Kolwezi
Konya
Kopeysk
Korba
Korla
Kortrijk
Koshigaya
Kostanay
Kota
Kota Kinabalu
Kotka
Kowloon
Kozan
Kozhikode
Krasnyy Luch
Krefeld
Kremenchuk
Kryvyy Rih
Kuala Lumpur
Kuala Terengganu
Kuantan
Kuching
Kuito
Kulti
Kumanovo
Kumasi
Kumba
Kunming
Kupang
Kure
Kutahya
Kwangju
Kwinana
La Ceiba
La Celle-Saint-Cloud
La Chorrera
La Crosse
La Paz
La Pintana
La Plata
La Porte
La Rochelle
La Romana
La Seyne-sur-Mer
La Spezia
La Teste-de-Buch
La Vega
Lafayette
Laghouat
Lagos
Lagos de Moreno
Laguna Niguel
Lahore
Laiyang
Lake Charles
Lake Elsinore
Lake Forest
Lakeland
Lakeville
Lakewood
Lancaster
Landerneau
Landskrona
Lanester
Langen
Langenfeld
Langenhagen
Langfang
Lansing
Lanxi
Lanzhou
Laohekou
Laon
Laredo
Las Cruces
Las Piedras
Las Pinas
Las Tunas
Latina
Latur
Launceston
Lausanne
Laval
Lawrence
Lawton
Le Blanc-Mesnil
Le Bouscat
Le Cannet
Le Chesnay
Le Havre
Le Mans
Le Plessis-Robinson
Le Pontet
League City
Lecce
Leeds
Leeuwarden
Legnano
Lehi
Leicester
Leipzig
Lens
Leominster
Leon
Les Abymes
Les Herbiers
Les Lilas
Les Pavillons-sous-Bois
Les Pennes-Mirabeau
Letchworth
Leuven
Levallois-Perret
Leverkusen
Levin
Lewiston
Lianyuan
Liaocheng
Liaoyang
Liberec
Libreville
Licheng
Lida
Likasi
Lille
Lima
Limay
Limeira
Limoeiro do Norte
Limoges
Linares
Lincoln
Lincoln Park
Linden
Linhai
Linhares
Lins
Linyi
Linz
Lippstadt
Lisbon
Lisieux
Lismore
Little Rock
Liuyang
Liverpool
Livingston
Livingstone
Livry-Gargan
Lodz
Logan
Lohne
Lome
Lomme
London
Londrina
Long Beach
Longjumeau
Longmont
Longueuil
Longview
Lons-le-Saunier
Lora del Rio
Lorain
Lorca
Lorena
Lorient
Lormont
Los Angeles
Los Mochis
Los Patios
Loudi
Louisville
Lowell
Lower Hutt
Lowestoft
Luanda
Lubbock
Lublin
Lubumbashi
Lucca
Lucknow
Ludhiana
Ludwigsburg
Ludwigsfelde
Ludwigshafen am Rhein
Lugansk
Lugo
Lunel
Luohe
Luoyang
Lusaka
Luton
Luts'k
Lviv
Lyon
Mabopane
Macapa
Maceio
Mackay
Macon
Madero
Madison
Madrid
Madurai
Magdeburg
Magnitogorsk
Mahajanga
Maidenhead
Maidstone
Maiduguri
Mainz
Maisons-Alfort
Majadahonda
Makati
Makeni
Makhachkala
Makurdi
Malakoff
Malang
Malatya
Malayer
Malden
Malegaon
Mallawi
Mamak
Manacapuru
Manado
Managua
Manaus
Manchester
Mandurah
Mangalore
Manila
Manisa
Manizales
Mannheim
Manresa
Mansfield
Manteca
Mantes-la-Jolie
Mantes-la-Ville
Manukau City
Manzanillo
Maple Grove
Maputo
Mar del Plata
Maracaibo
Maracay
Marano di Napoli
Marbella
Mardan
Mardin
Margate
Marietta
Marikina
Marina di Carrara
Maringa
Marion
Mariupol
Markham
Marl
Marlborough
Marrakech
Marsa Matruh
Marsabit
Marsala
Marseille
Martigues
Maryborough
Masaya
Maseru
Mashhad
Mason
Massa
Massy
Masterton
Matagalpa
Matanzas
Mataram
Matehuala
Mathura
Matola
Matsudo
Maua
Maubeuge
Mazyr
Mbandaka
Mbeya
Mbuji-mayi
Mcallen
Mecca
Mechelen
Medan
Medellin
Medina
Meerut
Meizhou
Mejicanos
Meknes
Melbourne
Melilla
Melitopol
Melton
Memphis
Mendoza
Menemen
Menia
Mentor
Mentougou
Merida
Meriden
Mersin
Mesa
Messaad
Messina
Metepec
Metz
Meudon
Mexicali
Mexico City
Meyzieu
Mezitli
Miami
Mianyang
Miass
Middletown
Midland
Miguel Hidalgo
Mijas
Milan
Mildura
Milpa Alta
Milwaukee
Minden
Minna
Minneapolis
Miramar
Miramas
Mirzapur
Mishawaka
Mission Viejo
Mississauga
Missouri City
Misurata
Mitry-Mory
Mixco
Moa
Mobile
Moca
Modena
Moers
Mogadishu
Mogi das Cruzes
Mohammedia
Molfetta
Molina de Segura
Mombasa
Moncalieri
Monclova
Monroe
Mons-en-Baroeul
Mont-Saint-Aignan
Mont-de-Marsan
Montargis
Montauban
Montceau-les-Mines
Montecatini Terme
Montereau-Fault-Yonne
Monterrey
Montes Claros
Montesson
Montevideo
Montgeron
Montgomery
Montigny-le-Bretonneux
Montmorency
Montpellier
Montreal
Montreuil
Montrouge
Monza
Mopti
Morelia
Morogoro
Moron
Morristown
Moshi
Mosquera
Mossoro
Mosul
Mougins
Mount Gambier
Mount Isa
Mount Pleasant
Mount Vernon
Mouscron
Mpumalanga
Mtwara
Mubi
Mudanjiang
Mufulira
Mulhouse
Multan
Mumbai
Munich
Munster
Murcia
Muret
Murfreesboro
Murray
Murray Bridge
Musoma
Mwanza
Mykolayiv
Mysore
Nacka
Nagaoka
Nagasaki
Nagercoil
Nagpur
Naihati
Nairobi
Nakhon Ratchasima
Nakuru
Namangan
Namibe
Nampula
Namur
Nanchang
Nanchong
Nancy
Nanning
Nanterre
Nantes
Nanyang
Napier
Naples
Narbonne
Nashua
Nashville
Nasik
Natal
Natitingou
Navegantes
Nazilli
Ndola
Neijiang
Neiva
Nellore
Nelson
Neu-Ulm
Neubrandenburg
Neuilly-Plaisance
Neuilly-sur-Marne
Neuilly-sur-Seine
Neunkirchen
Neuquen
Neuwied
Nevsehir
New Albany
New Bedford
New Brunswick
New Castle
New Delhi
New Plymouth
New Rochelle
New York City
Newark
Newcastle
Newcastle upon Tyne
Newport News
Neyshabur
Ngaoundere
Nguigmi
Nha Trang
Niagara Falls
Niamey
Nice
Nicolas Romero
Nicosia
Nicoya
Nieuwegein
Nigde
Nijmegen
Ningbo
Ninghai
Niort
Nishinomiya
Niteroi
Nitra
Nizhyn
Noblesville
Noda
Nogent-sur-Oise
Noisy-le-Sec
Nom Pen
Norderstedt
North Charleston
North Las Vegas
North York
Northampton
Northwich
Norwich
Nottingham
Nouakchott
Nova Serrana
Novara
Novo Cruzeiro
Novo Gama
Nowra
Nueva Gerona
Nuevo Laredo
Nuremberg
Nzerekore
Oak Park
Oakland
Oakville
Oberhausen
Obregon
Ocana
Oceanside
Ocotlan
Odense
Odessa
Odivelas
Offenbach
Offenburg
Oklahoma City
Olathe
Oldham
Olivet
Olomouc
Olympia
Omaha
Onitsha
Oosterhout
Oradea
Oran
Orange
Orem
Orihuela
Oriximina
Orizaba
Ormond Beach
Orsay
Oruro
Osasco
Oshawa
Osijek
Oslo
Osmaniye
Ostrava
Oswego
Ottawa
Ouidah
Oullins
Outreau
Overland Park
Oviedo
Owensboro
Owerri
Owo
Oxford
Oxnard
Oyonnax
Padang
Paderborn
Paisley
Palaiseau
Palembang
Palermo
Palm Coast
Palma Soriano
Palma de Mallorca
Palmares
Palmerston
Palmerston North
Palmira
Palu
Pamiers
Panama City
Panevezys
Panihati
Panipat
Pantin
Papakura
Paramaribo
Paranagua
Paraparaumu
Parbhani
Paris
Parker
Parla
Parma
Pasadena
Pasco
Pasig
Passaic
Passau
Passo Fundo
Passos
Paterson
Patiala
Patna
Pau
Paulista
Pavlodar
Pazardzhik
Pearland
Peer
Pekalongan
Pekanbaru
Pematangsiantar
Pembroke Pines
Penedo
Peoria
Perpignan
Perth
Perth Amboy
Pertuis
Perugia
Pesaro
Pescara
Peshawar
Pessac
Pestovo
Petapa
Petare
Peterborough
Petropolis
Pforzheim
Pharr
Philadelphia
Phoenix
Phuntsholing
Piacenza
Piedecuesta
Piedras Negras
Pila
Pilar
Pilsen
Pimpri
Pinar del Rio
Pindamonhangaba
Pingdingshan
Pingxiang
Pinheiro
Piotrkow Trybunalski
Pirapora
Pisa
Pistoia
Plainfield
Plano
Plantation
Plock
Plymouth
Pocatello
Pocos de Caldas
Podgorica
Polatsk
Poltava
Pomezia
Pomona
Pompano Beach
Pontault-Combault
Ponte Nova
Pontes e Lacerda
Pontevedra
Pontianak
Pontivy
Pontoise
Poole
Porirua
Port Arthur
Port Elizabeth
Port Harcourt
Port Macquarie
Port Moresby
Port Said
Portage
Portici
Portmore
Porto
Porto Alegre
Porto-Novo
Portsmouth
Posadas
Potchefstroom
Potosi
Potsdam
Pouso Alegre
Poza Rica de Hidalgo
Poznan
Pozzuoli
Prague
Prato
Presidencia Roque Saenz Pena
Presidente Dutra
Presidente Prudente
Preston
Pretoria
Probolinggo
Progreso
Providence
Provo
Pucallpa
Puducherry
Puebla
Puente Alto
Puerto La Cruz
Puerto Montt
Puerto Padre
Puerto Vallarta
Puertollano
Pulheim
Pune
Puno
Purmerend
Puteaux
Puyang
Qarshi
Qazvin
Qena
Qingdao
Qiqihar
Qitaihe
Qom
Quanzhou
Quchan
Queanbeyan
Quelimane
Queretaro
Quetzaltenango
Quevedo
Quibdo
Quimper
Quincy
Quito
Quixada
Rabat
Rach Gia
Radom
Rafsanjan
Raipur
Rajkot
Rajshahi
Raleigh
Ramat Aviv
Ramat Gan
Rambouillet
Ramnicu Valcea
Rancagua
Ranchi
Randers
Randfontein
Rangoon
Ras al Khaymah
Rasht
Ratingen
Ratlam
Ravenna
Rawalpindi
Recife
Recklinghausen
Redditch
Redmond
Redondo Beach
Regensburg
Reggio nell'Emilia
Regina
Registro
Reims
Remscheid
Rennes
Renqiu
Renton
Resende
Resistencia
Reus
Reutlingen
Revere
Reynosa
Rheine
Ribeirao Preto
Richmond
Richmond Hill
Rillieux-la-Pape
Rimini
Rio Branco
Riom
Ris-Orangis
Rivera
Riyadh
Rizhao
Roanne
Rochdale
Rochester
Rockford
Rockhampton
Roeselare
Roissy-en-Brie
Rolandia
Rome
Ronchin
Rondonopolis
Rosario
Rosarito
Rosenheim
Roseville
Rosny-sous-Bois
Rostock
Roswell
Rotherham
Rotorua
Rotterdam
Roubaix
Rouen
Round Rock
Rovigo
Ruda Slaska
Runcorn
Rustenburg
Rybinsk
Rybnik
Saanich
Sabadell
Sabanalarga
Sabzevar
Sacramento
Safi
Saga
Sagamihara
Saginaw
Sagunto
Saharanpur
Sahuayo de Jose Maria Morelos
Saint Charles
Saint Cloud
Saint Paul
Saint Petersburg
Saint-Brieuc
Saint-Chamond
Saint-Cloud
Saint-Cyr-sur-Loire
Saint-Denis
Saint-Genis-Laval
Saint-Germain-en-Laye
Saint-Gratien
Saint-Herblain
Saint-Laurent-du-Var
Saint-Louis
Saint-Malo
Saint-Michel-sur-Orge
Saint-Nazaire
Saint-Pierre-des-Corps
Saint-Pol-sur-Mer
Saint-Quentin
Sakaka
Salamanca
Sale
Salem
Salina Cruz
Salon-de-Provence
Salt Lake City
Salta
Saltillo
Salvador
Salzburg
Samarinda
Samobor
Samsun
San Andres Tuxtla
San Angelo
San Antonio
San Bernardino
San Bernardo
San Clemente
San Cristobal
San Cristobal de Las Casas
San Diego
San Fernando
San Francisco
San Francisco de Macoris
San Francisco del Rincon
San Gabriel
San Ignacio
San Jose
San Jose de Guanipa
San Jose de las Lajas
San Jose del Monte
San Juan
San Juan de la Maguana
San Juan del Rio
San Justo
San Lorenzo
San Luis Obispo
San Luis Potosi
San Luis Rio Colorado
San Marcos
San Martin
San Miguelito
San Pablo de las Salinas
San Pedro
San Pedro Sula
San Pedro de Macoris
San Salvador
San Salvador de Jujuy
San Sebastian
Sanandaj
Sanary-sur-Mer
Sandakan
Sandnes
Sandy Springs
Sanford
Sannois
Sant Boi de Llobregat
Santa Ana
Santa Barbara
Santa Catarina
Santa Clara
Santa Cruz de Barahona
Santa Cruz de la Sierra
Santa Cruz do Sul
Santa Fe
Santa Marta
Santander
Santarem
Santiago de Chile
Santiago de Cuba
Santiago de los Caballeros
Santiago del Estero
Santo Andre
Santo Domingo
Santo Domingo de los Colorados
Santos
Sanya
Sao Benedito
Sao Bernardo do Campo
Sao Goncalo
Sao Jose dos Campos
Sao Leopoldo
Sao Luis
Sao Miguel dos Campos
Sao Paulo
Sao Pedro da Aldeia
Sapucaia do Sul
Saqqez
Sarajevo
Sarcelles
Sargodha
Sari
Sarkand
Sarreguemines
Sartrouville
Saskatoon
Sassari
Satna
Saumur
Savona
Sceaux
Schiltigheim
Schwerin
Scottsdale
Seattle
Segovia
Semarang
Seremban
Serra
Sesto San Giovanni
Sete
Settat
Seuol
Sevastopol
Severodvinsk
Seville
Sevran
Shagamu
Shah Alam
Shahreza
Shanghai
Shangyu
Shantou
Shanwei
Shaoxing
Shashi
Sheboygan
Sheffield
Shenyang
Shenzhen
Shijiazhuang
Shinyanga
Shiraz
Shkoder
Shouguang
Shulan
Shushtar
Sialkot
Siauliai
Sidi Bel Abbes
Siegen
Siena
Sierra Vista
Silao
Silivri
Silopi
Simoes Filho
Sincan
Sindelfingen
Singapore
Sinop
Sioux Falls
Sittard
Sivas
Skikda
Sliven
Slough
Smyrna
Sobral
Sofia
Soissons
Sokoto
Solapur
Soledad
Soledad Diez Gutierrez
Solihull
Solingen
Solna
Soma
Sonderborg
Sonipat
Sonneberg
Sonsonate
Sorgues
Sorocaba
Sorriso
Sousa
South Bend
Southend-on-Sea
Southport
Soweto
Soyapango
Spanish Town
Sparks
Spijkenisse
Split
Spokane
Springfield
Srinagar
St. Catharines
St. Helena
St. John's
Stara Zagora
Stellenbosch
Sterling Heights
Sterlitamak
Stevenage
Stockport
Stockton
Stoke-on-Trent
Stralsund
Strasbourg
Stuttgart
Sucy-en-Brie
Suffolk
Suihua
Suining
Sukabumi
Sukkur
Sumare
Sumy
Sunbury
Sunderland
Sunnyvale
Superior
Surabaya
Surakarta
Surat
Suresnes
Surrey
Surubim
Suwon
Suzhou
Swansea
Swindon
Sydney
Sylhet
Taboao da Serra
Tabuk
Taipei
Taiping
Taixing
Taiyuan
Taizhou
Taizz
Takamatsu
Takatsuki
Talavera de la Reina
Talcahuano
Talence
Tallaght
Tallinn
Tamarac
Tampa
Tampico
Tamworth
Tanga
Tangerang
Tanggu
Tangier
Tangshan
Tapachula
Taranto
Taraz
Tarbes
Targu Jiu
Tarragona
Tarsus
Tartu
Tasikmalaya
Tatui
Taubate
Taunton
Taupo
Tauranga
Taverny
Tawau
TecOman
Tegal
Tegucigalpa
Tel Aviv
Temirtau
Tempe
Tepic
Teramo
Teresina
Terneuzen
Ternopil
Tete
Tetouan
Texas City
Teziutlan
Thane
The Hague
Thiais
Thika
Thionville
Thiruvananthapuram
Thonon-les-Bains
Thornton
Thousand Oaks
Tianjin
Tieling
Tiflis
Tigard
Tijuana
Tilburg
Timaru
Timisoara
Tipitapa
Tiruchchirappalli
Tirunelveli
Tiruppur
Tivoli
Tlalnepantla
Tlalpan
Tlaquepaque
Tlemcen
Toamasina
Tokio
Toledo
Toliara
Toluca
Tongchuan
Tongi
Tongliao
Tongling
Toowoomba
Torbat-e Heydariyeh
Torcy
Toronto
Torquay
Torrance
Torre del Greco
Torreon
Torrevieja
Toulon
Toulouse
Tourcoing
Tournefeuille
Tours
Townsville
Toyohashi
Trabzon
Trapani
Trappes
Traralgon
Tremblay-en-France
Trento
Treviso
Trier
Trieste
Trinidad
Tripoli
Troisdorf
Troy
Troyes
Tucson
Tulle
Tulsa
Tumkur
Tunisia
Turgutlu
Turin
Turkmenabat
Turmero
Tuscaloosa
Tuxtla Gutierrez
Twin Falls
Tychy
Ube
Uberaba
Ueda
Ufa
Ugep
Uithoorn
Ujjain
Ulaanbaatar
Ulhasnagar
Ulm
Ulsan
Ulundi
Uman
Umraniye
Umuarama
Unna
Upper Hutt
Upsala
Uskudar
Usti nad Labem
Utica
Utrecht
Uvarovo
Uvinza
Uvira
Vadodara
Valence
Valencia
Valenciennes
Valenzuela
Valinhos
Valladolid
Vallauris
Valle Hermoso
Valle de La Pascua
Valledupar
Valles
Valparaiso
Valparaiso de Goias
Van
Vanadzor
Vancouver
Vannes
Vantaa
Vanves
Varanasi
Varese
Varna
Varzea Grande
Vassouras
Vaughan
Veenendaal
Velbert
Velletri
Velsen
Vence
Venice
Venlo
Veracruz
Verdun
Vernon
Verona
Versailles
Vertou
Vesoul
Vicenza
Victoria
Viena
Vientiane
Viersen
Vigneux-sur-Seine
Vignola
Vigo
Vijayawada
Vila Nova de Gaia
Villa Alemana
Villa Canales
Villa Frontera
Villa Nueva
Villach
Villahermosa
Villefontaine
Villejuif
Villemomble
Villenave-d'Ornon
Villeneuve-Saint-Georges
Villeneuve-d'Ascq
Villeneuve-le-Roi
Villeneuve-sur-Lot
Villeparisis
Villeurbanne
Villiers-le-Bel
Villingen-Schwenningen
Vilnius
Vina del Mar
Vincennes
Vineland
Vinnytsia
Viransehir
Virginia Beach
Viroflay
Visakhapatnam
Visalia
Viterbo
Vitoria
Vitoria da Conquista
Vitoria de Santo Antao
Vitrolles
Vitry-sur-Seine
Vittoria
Vlaardingen
Vladimir
Vlore
Voiron
Votuporanga
Vryburg
Waco
Wad Madani
Wadi as Sir
Wafangdian
Wagga Wagga
Waitakere
Wakefield
Walsall
Warangal
Warri
Warrington
Warrnambool
Warwick
Washington
Wasquehal
Waterbury
Waterlooville
Watertown
Watford
Wattrelos
Waukesha
Wausau
Waynesboro
Weifang
Weimar
Wellington
Wels
Wenling
Wenzhou
West Allis
West Bromwich
West Jordan
West Palm Beach
Westfield
Westland
Westminster
Westonaria
Wetter (Ruhr)
Wetzlar
Whakatane
Whangarei
Wheeling
Whitby
Whittier
Whyalla
Wichita
Widnes
Wiesbaden
Wigan
Wilhelmshaven
Wilmington
Wilson
Windhoek
Winnipeg
Witten
Wodonga
Woking
Wolfsburg
Wollongong
Wolverhampton
Woodland
Woonsocket
Worcester
Worms
Worthing
Wuchuan
Wuhai
Wuhan
Wuppertal
Wuxi
Xi'an
Xiangtan
Xianning
Xianyang
Xiaogan
Xichang
Xinghua
Xingtai
Xining
Xinshi
Xintai
Xinxiang
Xinzhou
Xuanhua
Xuzhou
Yacuiba
Yakarta
Yalova
Yamoussoukro
Yancheng
Yangzhou
Yanji
Yantai
Yaounde
Yaritagua
Yaroslavl
Yerres
Yicheng
Yichun
Yiwu
Yogyakarta
Yokkaichi
Yongchuan
Yonkers
York
Yuci
Yulin
Yuma
Yuncheng
Yunyang
Yuyao
Zaanstad
Zabol
Zabrze
Zacatecas
Zagreb
Zahedan
Zamora
Zanjan
Zaoyang
Zaozhuang
Zapopan
Zaporiyia
Zaria
Zenica
Zhangjiakou
Zhanjiang
Zhengzhou
Zhenjiang
Zhlobin
Zhongxiang
Zhuhai
Zhumadian
Zhuzhou
Zhytomyr
Zielona Gora
Zigong
Ziguinchor
Zinder
Zlatoust
Zurich
Zwolle
eMbalenhle
